--
-- PostgreSQL database dump
--

-- Dumped from database version 16.8 (Debian 16.8-1.pgdg120+1)
-- Dumped by pg_dump version 16.8 (Debian 16.8-1.pgdg120+1)

SET statement_timeout = 0;
SET lock_timeout = 0;
SET idle_in_transaction_session_timeout = 0;
SET client_encoding = 'UTF8';
SET standard_conforming_strings = on;
SELECT pg_catalog.set_config('search_path', '', false);
SET check_function_bodies = false;
SET xmloption = content;
SET client_min_messages = warning;
SET row_security = off;

SET default_tablespace = '';

SET default_table_access_method = heap;

--
-- Name: auth_group; Type: TABLE; Schema: public; Owner: zhukata
--

CREATE TABLE public.auth_group (
    id integer NOT NULL,
    name character varying(150) NOT NULL
);


ALTER TABLE public.auth_group OWNER TO zhukata;

--
-- Name: auth_group_id_seq; Type: SEQUENCE; Schema: public; Owner: zhukata
--

ALTER TABLE public.auth_group ALTER COLUMN id ADD GENERATED BY DEFAULT AS IDENTITY (
    SEQUENCE NAME public.auth_group_id_seq
    START WITH 1
    INCREMENT BY 1
    NO MINVALUE
    NO MAXVALUE
    CACHE 1
);


--
-- Name: auth_group_permissions; Type: TABLE; Schema: public; Owner: zhukata
--

CREATE TABLE public.auth_group_permissions (
    id bigint NOT NULL,
    group_id integer NOT NULL,
    permission_id integer NOT NULL
);


ALTER TABLE public.auth_group_permissions OWNER TO zhukata;

--
-- Name: auth_group_permissions_id_seq; Type: SEQUENCE; Schema: public; Owner: zhukata
--

ALTER TABLE public.auth_group_permissions ALTER COLUMN id ADD GENERATED BY DEFAULT AS IDENTITY (
    SEQUENCE NAME public.auth_group_permissions_id_seq
    START WITH 1
    INCREMENT BY 1
    NO MINVALUE
    NO MAXVALUE
    CACHE 1
);


--
-- Name: auth_permission; Type: TABLE; Schema: public; Owner: zhukata
--

CREATE TABLE public.auth_permission (
    id integer NOT NULL,
    name character varying(255) NOT NULL,
    content_type_id integer NOT NULL,
    codename character varying(100) NOT NULL
);


ALTER TABLE public.auth_permission OWNER TO zhukata;

--
-- Name: auth_permission_id_seq; Type: SEQUENCE; Schema: public; Owner: zhukata
--

ALTER TABLE public.auth_permission ALTER COLUMN id ADD GENERATED BY DEFAULT AS IDENTITY (
    SEQUENCE NAME public.auth_permission_id_seq
    START WITH 1
    INCREMENT BY 1
    NO MINVALUE
    NO MAXVALUE
    CACHE 1
);


--
-- Name: auth_user; Type: TABLE; Schema: public; Owner: zhukata
--

CREATE TABLE public.auth_user (
    id integer NOT NULL,
    password character varying(128) NOT NULL,
    last_login timestamp with time zone,
    is_superuser boolean NOT NULL,
    username character varying(150) NOT NULL,
    first_name character varying(150) NOT NULL,
    last_name character varying(150) NOT NULL,
    email character varying(254) NOT NULL,
    is_staff boolean NOT NULL,
    is_active boolean NOT NULL,
    date_joined timestamp with time zone NOT NULL
);


ALTER TABLE public.auth_user OWNER TO zhukata;

--
-- Name: auth_user_groups; Type: TABLE; Schema: public; Owner: zhukata
--

CREATE TABLE public.auth_user_groups (
    id bigint NOT NULL,
    user_id integer NOT NULL,
    group_id integer NOT NULL
);


ALTER TABLE public.auth_user_groups OWNER TO zhukata;

--
-- Name: auth_user_groups_id_seq; Type: SEQUENCE; Schema: public; Owner: zhukata
--

ALTER TABLE public.auth_user_groups ALTER COLUMN id ADD GENERATED BY DEFAULT AS IDENTITY (
    SEQUENCE NAME public.auth_user_groups_id_seq
    START WITH 1
    INCREMENT BY 1
    NO MINVALUE
    NO MAXVALUE
    CACHE 1
);


--
-- Name: auth_user_id_seq; Type: SEQUENCE; Schema: public; Owner: zhukata
--

ALTER TABLE public.auth_user ALTER COLUMN id ADD GENERATED BY DEFAULT AS IDENTITY (
    SEQUENCE NAME public.auth_user_id_seq
    START WITH 1
    INCREMENT BY 1
    NO MINVALUE
    NO MAXVALUE
    CACHE 1
);


--
-- Name: auth_user_user_permissions; Type: TABLE; Schema: public; Owner: zhukata
--

CREATE TABLE public.auth_user_user_permissions (
    id bigint NOT NULL,
    user_id integer NOT NULL,
    permission_id integer NOT NULL
);


ALTER TABLE public.auth_user_user_permissions OWNER TO zhukata;

--
-- Name: auth_user_user_permissions_id_seq; Type: SEQUENCE; Schema: public; Owner: zhukata
--

ALTER TABLE public.auth_user_user_permissions ALTER COLUMN id ADD GENERATED BY DEFAULT AS IDENTITY (
    SEQUENCE NAME public.auth_user_user_permissions_id_seq
    START WITH 1
    INCREMENT BY 1
    NO MINVALUE
    NO MAXVALUE
    CACHE 1
);


--
-- Name: clients_cart; Type: TABLE; Schema: public; Owner: zhukata
--

CREATE TABLE public.clients_cart (
    id bigint NOT NULL,
    created_at timestamp with time zone NOT NULL,
    client_id bigint NOT NULL
);


ALTER TABLE public.clients_cart OWNER TO zhukata;

--
-- Name: clients_cart_id_seq; Type: SEQUENCE; Schema: public; Owner: zhukata
--

ALTER TABLE public.clients_cart ALTER COLUMN id ADD GENERATED BY DEFAULT AS IDENTITY (
    SEQUENCE NAME public.clients_cart_id_seq
    START WITH 1
    INCREMENT BY 1
    NO MINVALUE
    NO MAXVALUE
    CACHE 1
);


--
-- Name: clients_cartitem; Type: TABLE; Schema: public; Owner: zhukata
--

CREATE TABLE public.clients_cartitem (
    id bigint NOT NULL,
    quantity integer NOT NULL,
    cart_id bigint NOT NULL,
    product_id bigint NOT NULL,
    CONSTRAINT clients_cartitem_quantity_check CHECK ((quantity >= 0))
);


ALTER TABLE public.clients_cartitem OWNER TO zhukata;

--
-- Name: clients_cartitem_id_seq; Type: SEQUENCE; Schema: public; Owner: zhukata
--

ALTER TABLE public.clients_cartitem ALTER COLUMN id ADD GENERATED BY DEFAULT AS IDENTITY (
    SEQUENCE NAME public.clients_cartitem_id_seq
    START WITH 1
    INCREMENT BY 1
    NO MINVALUE
    NO MAXVALUE
    CACHE 1
);


--
-- Name: clients_client; Type: TABLE; Schema: public; Owner: zhukata
--

CREATE TABLE public.clients_client (
    id bigint NOT NULL,
    tg_id bigint NOT NULL,
    created_at timestamp with time zone NOT NULL,
    username character varying(50) NOT NULL
);


ALTER TABLE public.clients_client OWNER TO zhukata;

--
-- Name: clients_client_id_seq; Type: SEQUENCE; Schema: public; Owner: zhukata
--

ALTER TABLE public.clients_client ALTER COLUMN id ADD GENERATED BY DEFAULT AS IDENTITY (
    SEQUENCE NAME public.clients_client_id_seq
    START WITH 1
    INCREMENT BY 1
    NO MINVALUE
    NO MAXVALUE
    CACHE 1
);


--
-- Name: clients_order; Type: TABLE; Schema: public; Owner: zhukata
--

CREATE TABLE public.clients_order (
    id bigint NOT NULL,
    created_at timestamp with time zone NOT NULL,
    full_name character varying(255) NOT NULL,
    phone character varying(20) NOT NULL,
    address text NOT NULL,
    total_price numeric(10,2) NOT NULL,
    client_id bigint NOT NULL
);


ALTER TABLE public.clients_order OWNER TO zhukata;

--
-- Name: clients_order_id_seq; Type: SEQUENCE; Schema: public; Owner: zhukata
--

ALTER TABLE public.clients_order ALTER COLUMN id ADD GENERATED BY DEFAULT AS IDENTITY (
    SEQUENCE NAME public.clients_order_id_seq
    START WITH 1
    INCREMENT BY 1
    NO MINVALUE
    NO MAXVALUE
    CACHE 1
);


--
-- Name: clients_orderitem; Type: TABLE; Schema: public; Owner: zhukata
--

CREATE TABLE public.clients_orderitem (
    id bigint NOT NULL,
    quantity integer NOT NULL,
    order_id bigint NOT NULL,
    product_id bigint NOT NULL,
    CONSTRAINT clients_orderitem_quantity_check CHECK ((quantity >= 0))
);


ALTER TABLE public.clients_orderitem OWNER TO zhukata;

--
-- Name: clients_orderitem_id_seq; Type: SEQUENCE; Schema: public; Owner: zhukata
--

ALTER TABLE public.clients_orderitem ALTER COLUMN id ADD GENERATED BY DEFAULT AS IDENTITY (
    SEQUENCE NAME public.clients_orderitem_id_seq
    START WITH 1
    INCREMENT BY 1
    NO MINVALUE
    NO MAXVALUE
    CACHE 1
);


--
-- Name: django_admin_log; Type: TABLE; Schema: public; Owner: zhukata
--

CREATE TABLE public.django_admin_log (
    id integer NOT NULL,
    action_time timestamp with time zone NOT NULL,
    object_id text,
    object_repr character varying(200) NOT NULL,
    action_flag smallint NOT NULL,
    change_message text NOT NULL,
    content_type_id integer,
    user_id integer NOT NULL,
    CONSTRAINT django_admin_log_action_flag_check CHECK ((action_flag >= 0))
);


ALTER TABLE public.django_admin_log OWNER TO zhukata;

--
-- Name: django_admin_log_id_seq; Type: SEQUENCE; Schema: public; Owner: zhukata
--

ALTER TABLE public.django_admin_log ALTER COLUMN id ADD GENERATED BY DEFAULT AS IDENTITY (
    SEQUENCE NAME public.django_admin_log_id_seq
    START WITH 1
    INCREMENT BY 1
    NO MINVALUE
    NO MAXVALUE
    CACHE 1
);


--
-- Name: django_content_type; Type: TABLE; Schema: public; Owner: zhukata
--

CREATE TABLE public.django_content_type (
    id integer NOT NULL,
    app_label character varying(100) NOT NULL,
    model character varying(100) NOT NULL
);


ALTER TABLE public.django_content_type OWNER TO zhukata;

--
-- Name: django_content_type_id_seq; Type: SEQUENCE; Schema: public; Owner: zhukata
--

ALTER TABLE public.django_content_type ALTER COLUMN id ADD GENERATED BY DEFAULT AS IDENTITY (
    SEQUENCE NAME public.django_content_type_id_seq
    START WITH 1
    INCREMENT BY 1
    NO MINVALUE
    NO MAXVALUE
    CACHE 1
);


--
-- Name: django_migrations; Type: TABLE; Schema: public; Owner: zhukata
--

CREATE TABLE public.django_migrations (
    id bigint NOT NULL,
    app character varying(255) NOT NULL,
    name character varying(255) NOT NULL,
    applied timestamp with time zone NOT NULL
);


ALTER TABLE public.django_migrations OWNER TO zhukata;

--
-- Name: django_migrations_id_seq; Type: SEQUENCE; Schema: public; Owner: zhukata
--

ALTER TABLE public.django_migrations ALTER COLUMN id ADD GENERATED BY DEFAULT AS IDENTITY (
    SEQUENCE NAME public.django_migrations_id_seq
    START WITH 1
    INCREMENT BY 1
    NO MINVALUE
    NO MAXVALUE
    CACHE 1
);


--
-- Name: django_session; Type: TABLE; Schema: public; Owner: zhukata
--

CREATE TABLE public.django_session (
    session_key character varying(40) NOT NULL,
    session_data text NOT NULL,
    expire_date timestamp with time zone NOT NULL
);


ALTER TABLE public.django_session OWNER TO zhukata;

--
-- Name: products_category; Type: TABLE; Schema: public; Owner: zhukata
--

CREATE TABLE public.products_category (
    id bigint NOT NULL,
    name character varying(255) NOT NULL
);


ALTER TABLE public.products_category OWNER TO zhukata;

--
-- Name: products_category_id_seq; Type: SEQUENCE; Schema: public; Owner: zhukata
--

ALTER TABLE public.products_category ALTER COLUMN id ADD GENERATED BY DEFAULT AS IDENTITY (
    SEQUENCE NAME public.products_category_id_seq
    START WITH 1
    INCREMENT BY 1
    NO MINVALUE
    NO MAXVALUE
    CACHE 1
);


--
-- Name: products_product; Type: TABLE; Schema: public; Owner: zhukata
--

CREATE TABLE public.products_product (
    id bigint NOT NULL,
    name character varying(255) NOT NULL,
    description text,
    price numeric(10,2) NOT NULL,
    image character varying(100),
    created_at timestamp with time zone NOT NULL,
    category_id bigint
);


ALTER TABLE public.products_product OWNER TO zhukata;

--
-- Name: products_product_id_seq; Type: SEQUENCE; Schema: public; Owner: zhukata
--

ALTER TABLE public.products_product ALTER COLUMN id ADD GENERATED BY DEFAULT AS IDENTITY (
    SEQUENCE NAME public.products_product_id_seq
    START WITH 1
    INCREMENT BY 1
    NO MINVALUE
    NO MAXVALUE
    CACHE 1
);


--
-- Name: products_subcategory; Type: TABLE; Schema: public; Owner: zhukata
--

CREATE TABLE public.products_subcategory (
    id bigint NOT NULL,
    name character varying(255) NOT NULL,
    category_id bigint NOT NULL
);


ALTER TABLE public.products_subcategory OWNER TO zhukata;

--
-- Name: products_subcategory_id_seq; Type: SEQUENCE; Schema: public; Owner: zhukata
--

ALTER TABLE public.products_subcategory ALTER COLUMN id ADD GENERATED BY DEFAULT AS IDENTITY (
    SEQUENCE NAME public.products_subcategory_id_seq
    START WITH 1
    INCREMENT BY 1
    NO MINVALUE
    NO MAXVALUE
    CACHE 1
);


--
-- Data for Name: auth_group; Type: TABLE DATA; Schema: public; Owner: zhukata
--

COPY public.auth_group (id, name) FROM stdin;
\.


--
-- Data for Name: auth_group_permissions; Type: TABLE DATA; Schema: public; Owner: zhukata
--

COPY public.auth_group_permissions (id, group_id, permission_id) FROM stdin;
\.


--
-- Data for Name: auth_permission; Type: TABLE DATA; Schema: public; Owner: zhukata
--

COPY public.auth_permission (id, name, content_type_id, codename) FROM stdin;
1	Can add log entry	1	add_logentry
2	Can change log entry	1	change_logentry
3	Can delete log entry	1	delete_logentry
4	Can view log entry	1	view_logentry
5	Can add permission	2	add_permission
6	Can change permission	2	change_permission
7	Can delete permission	2	delete_permission
8	Can view permission	2	view_permission
9	Can add group	3	add_group
10	Can change group	3	change_group
11	Can delete group	3	delete_group
12	Can view group	3	view_group
13	Can add user	4	add_user
14	Can change user	4	change_user
15	Can delete user	4	delete_user
16	Can view user	4	view_user
17	Can add content type	5	add_contenttype
18	Can change content type	5	change_contenttype
19	Can delete content type	5	delete_contenttype
20	Can view content type	5	view_contenttype
21	Can add session	6	add_session
22	Can change session	6	change_session
23	Can delete session	6	delete_session
24	Can view session	6	view_session
25	Can add category	7	add_category
26	Can change category	7	change_category
27	Can delete category	7	delete_category
28	Can view category	7	view_category
29	Can add subcategory	8	add_subcategory
30	Can change subcategory	8	change_subcategory
31	Can delete subcategory	8	delete_subcategory
32	Can view subcategory	8	view_subcategory
33	Can add product	9	add_product
34	Can change product	9	change_product
35	Can delete product	9	delete_product
36	Can view product	9	view_product
37	Can add client	10	add_client
38	Can change client	10	change_client
39	Can delete client	10	delete_client
40	Can view client	10	view_client
41	Can add cart	11	add_cart
42	Can change cart	11	change_cart
43	Can delete cart	11	delete_cart
44	Can view cart	11	view_cart
45	Can add order	12	add_order
46	Can change order	12	change_order
47	Can delete order	12	delete_order
48	Can view order	12	view_order
49	Can add order item	13	add_orderitem
50	Can change order item	13	change_orderitem
51	Can delete order item	13	delete_orderitem
52	Can view order item	13	view_orderitem
53	Can add cart item	14	add_cartitem
54	Can change cart item	14	change_cartitem
55	Can delete cart item	14	delete_cartitem
56	Can view cart item	14	view_cartitem
\.


--
-- Data for Name: auth_user; Type: TABLE DATA; Schema: public; Owner: zhukata
--

COPY public.auth_user (id, password, last_login, is_superuser, username, first_name, last_name, email, is_staff, is_active, date_joined) FROM stdin;
1	pbkdf2_sha256$870000$1jqcEqHZVPU7pVtvr93L9b$vIns1VRM/eIXaQDJUetOkpXN4CsKS9wt3Eq/G5RCfxg=	2025-03-21 20:53:59.822003+00	t	admin				t	t	2025-03-21 20:53:52.5812+00
\.


--
-- Data for Name: auth_user_groups; Type: TABLE DATA; Schema: public; Owner: zhukata
--

COPY public.auth_user_groups (id, user_id, group_id) FROM stdin;
\.


--
-- Data for Name: auth_user_user_permissions; Type: TABLE DATA; Schema: public; Owner: zhukata
--

COPY public.auth_user_user_permissions (id, user_id, permission_id) FROM stdin;
\.


--
-- Data for Name: clients_cart; Type: TABLE DATA; Schema: public; Owner: zhukata
--

COPY public.clients_cart (id, created_at, client_id) FROM stdin;
\.


--
-- Data for Name: clients_cartitem; Type: TABLE DATA; Schema: public; Owner: zhukata
--

COPY public.clients_cartitem (id, quantity, cart_id, product_id) FROM stdin;
\.


--
-- Data for Name: clients_client; Type: TABLE DATA; Schema: public; Owner: zhukata
--

COPY public.clients_client (id, tg_id, created_at, username) FROM stdin;
2	123456789	2025-03-21 20:51:57.407139+00	test_user
\.


--
-- Data for Name: clients_order; Type: TABLE DATA; Schema: public; Owner: zhukata
--

COPY public.clients_order (id, created_at, full_name, phone, address, total_price, client_id) FROM stdin;
\.


--
-- Data for Name: clients_orderitem; Type: TABLE DATA; Schema: public; Owner: zhukata
--

COPY public.clients_orderitem (id, quantity, order_id, product_id) FROM stdin;
\.


--
-- Data for Name: django_admin_log; Type: TABLE DATA; Schema: public; Owner: zhukata
--

COPY public.django_admin_log (id, action_time, object_id, object_repr, action_flag, change_message, content_type_id, user_id) FROM stdin;
1	2025-03-21 20:54:16.960372+00	1	Zhukata	3		10	1
2	2025-03-21 20:54:49.068257+00	2	msi	2	[{"changed": {"fields": ["Name", "Image"]}}]	9	1
3	2025-03-21 20:55:24.233048+00	1	asus	2	[{"changed": {"fields": ["Name", "Category", "Image"]}}]	9	1
\.


--
-- Data for Name: django_content_type; Type: TABLE DATA; Schema: public; Owner: zhukata
--

COPY public.django_content_type (id, app_label, model) FROM stdin;
1	admin	logentry
2	auth	permission
3	auth	group
4	auth	user
5	contenttypes	contenttype
6	sessions	session
7	products	category
8	products	subcategory
9	products	product
10	clients	client
11	clients	cart
12	clients	order
13	clients	orderitem
14	clients	cartitem
\.


--
-- Data for Name: django_migrations; Type: TABLE DATA; Schema: public; Owner: zhukata
--

COPY public.django_migrations (id, app, name, applied) FROM stdin;
1	contenttypes	0001_initial	2025-03-21 20:01:25.18314+00
2	auth	0001_initial	2025-03-21 20:01:25.424202+00
3	admin	0001_initial	2025-03-21 20:01:25.45867+00
4	admin	0002_logentry_remove_auto_add	2025-03-21 20:01:25.46627+00
5	admin	0003_logentry_add_action_flag_choices	2025-03-21 20:01:25.473577+00
6	contenttypes	0002_remove_content_type_name	2025-03-21 20:01:25.485451+00
7	auth	0002_alter_permission_name_max_length	2025-03-21 20:01:25.53677+00
8	auth	0003_alter_user_email_max_length	2025-03-21 20:01:25.543477+00
9	auth	0004_alter_user_username_opts	2025-03-21 20:01:25.550205+00
10	auth	0005_alter_user_last_login_null	2025-03-21 20:01:25.557847+00
11	auth	0006_require_contenttypes_0002	2025-03-21 20:01:25.56126+00
12	auth	0007_alter_validators_add_error_messages	2025-03-21 20:01:25.56845+00
13	auth	0008_alter_user_username_max_length	2025-03-21 20:01:25.581934+00
14	auth	0009_alter_user_last_name_max_length	2025-03-21 20:01:25.589247+00
15	auth	0010_alter_group_name_max_length	2025-03-21 20:01:25.597986+00
16	auth	0011_update_proxy_permissions	2025-03-21 20:01:25.604707+00
17	auth	0012_alter_user_first_name_max_length	2025-03-21 20:01:25.611809+00
18	products	0001_initial	2025-03-21 20:01:25.677716+00
19	clients	0001_initial	2025-03-21 20:01:25.693269+00
20	clients	0002_client_username	2025-03-21 20:01:25.698362+00
21	clients	0003_cart_order_orderitem_cartitem	2025-03-21 20:01:25.792529+00
22	sessions	0001_initial	2025-03-21 20:01:25.822897+00
\.


--
-- Data for Name: django_session; Type: TABLE DATA; Schema: public; Owner: zhukata
--

COPY public.django_session (session_key, session_data, expire_date) FROM stdin;
yzeepmrflkhddqhvhx2b352qwm18cn0f	.eJxVjEsOAiEQBe_C2pDmJ-LSvWcgTTfIqIFkmFkZ766TzEK3r6reS0RclxrXkec4sTgLJQ6_W0J65LYBvmO7dUm9LfOU5KbInQ557Zyfl939O6g46rcmBtL2aMCBzQZUYE3WZSqWVVHo0QKq4oJix3zKARiA2CTvwBcmLd4f3bw4Dg:1tvjNP:rdDodDtCNPOFGUMqqFyzye3Fs8ygnyShCJOKILU3CWE	2025-04-04 20:53:59.826038+00
\.


--
-- Data for Name: products_category; Type: TABLE DATA; Schema: public; Owner: zhukata
--

COPY public.products_category (id, name) FROM stdin;
1	Электроника
2	Одежда
\.


--
-- Data for Name: products_product; Type: TABLE DATA; Schema: public; Owner: zhukata
--

COPY public.products_product (id, name, description, price, image, created_at, category_id) FROM stdin;
3	Футболка Adidas	\N	3000.00		2025-03-21 20:51:57.39777+00	3
2	msi		200000.00	product_images/msi_9cBSxXd.jpeg	2025-03-21 20:51:57.392379+00	2
1	asus		100000.00	product_images/photo_2024-10-22_15-21-58.jpeg	2025-03-21 20:51:57.383071+00	2
\.


--
-- Data for Name: products_subcategory; Type: TABLE DATA; Schema: public; Owner: zhukata
--

COPY public.products_subcategory (id, name, category_id) FROM stdin;
1	Смартфоны	1
2	Ноутбуки	1
3	Футболки	2
\.


--
-- Name: auth_group_id_seq; Type: SEQUENCE SET; Schema: public; Owner: zhukata
--

SELECT pg_catalog.setval('public.auth_group_id_seq', 1, false);


--
-- Name: auth_group_permissions_id_seq; Type: SEQUENCE SET; Schema: public; Owner: zhukata
--

SELECT pg_catalog.setval('public.auth_group_permissions_id_seq', 1, false);


--
-- Name: auth_permission_id_seq; Type: SEQUENCE SET; Schema: public; Owner: zhukata
--

SELECT pg_catalog.setval('public.auth_permission_id_seq', 56, true);


--
-- Name: auth_user_groups_id_seq; Type: SEQUENCE SET; Schema: public; Owner: zhukata
--

SELECT pg_catalog.setval('public.auth_user_groups_id_seq', 1, false);


--
-- Name: auth_user_id_seq; Type: SEQUENCE SET; Schema: public; Owner: zhukata
--

SELECT pg_catalog.setval('public.auth_user_id_seq', 1, true);


--
-- Name: auth_user_user_permissions_id_seq; Type: SEQUENCE SET; Schema: public; Owner: zhukata
--

SELECT pg_catalog.setval('public.auth_user_user_permissions_id_seq', 1, false);


--
-- Name: clients_cart_id_seq; Type: SEQUENCE SET; Schema: public; Owner: zhukata
--

SELECT pg_catalog.setval('public.clients_cart_id_seq', 1, false);


--
-- Name: clients_cartitem_id_seq; Type: SEQUENCE SET; Schema: public; Owner: zhukata
--

SELECT pg_catalog.setval('public.clients_cartitem_id_seq', 1, false);


--
-- Name: clients_client_id_seq; Type: SEQUENCE SET; Schema: public; Owner: zhukata
--

SELECT pg_catalog.setval('public.clients_client_id_seq', 2, true);


--
-- Name: clients_order_id_seq; Type: SEQUENCE SET; Schema: public; Owner: zhukata
--

SELECT pg_catalog.setval('public.clients_order_id_seq', 1, false);


--
-- Name: clients_orderitem_id_seq; Type: SEQUENCE SET; Schema: public; Owner: zhukata
--

SELECT pg_catalog.setval('public.clients_orderitem_id_seq', 1, false);


--
-- Name: django_admin_log_id_seq; Type: SEQUENCE SET; Schema: public; Owner: zhukata
--

SELECT pg_catalog.setval('public.django_admin_log_id_seq', 3, true);


--
-- Name: django_content_type_id_seq; Type: SEQUENCE SET; Schema: public; Owner: zhukata
--

SELECT pg_catalog.setval('public.django_content_type_id_seq', 14, true);


--
-- Name: django_migrations_id_seq; Type: SEQUENCE SET; Schema: public; Owner: zhukata
--

SELECT pg_catalog.setval('public.django_migrations_id_seq', 22, true);


--
-- Name: products_category_id_seq; Type: SEQUENCE SET; Schema: public; Owner: zhukata
--

SELECT pg_catalog.setval('public.products_category_id_seq', 4, true);


--
-- Name: products_product_id_seq; Type: SEQUENCE SET; Schema: public; Owner: zhukata
--

SELECT pg_catalog.setval('public.products_product_id_seq', 3, true);


--
-- Name: products_subcategory_id_seq; Type: SEQUENCE SET; Schema: public; Owner: zhukata
--

SELECT pg_catalog.setval('public.products_subcategory_id_seq', 3, true);


--
-- Name: auth_group auth_group_name_key; Type: CONSTRAINT; Schema: public; Owner: zhukata
--

ALTER TABLE ONLY public.auth_group
    ADD CONSTRAINT auth_group_name_key UNIQUE (name);


--
-- Name: auth_group_permissions auth_group_permissions_group_id_permission_id_0cd325b0_uniq; Type: CONSTRAINT; Schema: public; Owner: zhukata
--

ALTER TABLE ONLY public.auth_group_permissions
    ADD CONSTRAINT auth_group_permissions_group_id_permission_id_0cd325b0_uniq UNIQUE (group_id, permission_id);


--
-- Name: auth_group_permissions auth_group_permissions_pkey; Type: CONSTRAINT; Schema: public; Owner: zhukata
--

ALTER TABLE ONLY public.auth_group_permissions
    ADD CONSTRAINT auth_group_permissions_pkey PRIMARY KEY (id);


--
-- Name: auth_group auth_group_pkey; Type: CONSTRAINT; Schema: public; Owner: zhukata
--

ALTER TABLE ONLY public.auth_group
    ADD CONSTRAINT auth_group_pkey PRIMARY KEY (id);


--
-- Name: auth_permission auth_permission_content_type_id_codename_01ab375a_uniq; Type: CONSTRAINT; Schema: public; Owner: zhukata
--

ALTER TABLE ONLY public.auth_permission
    ADD CONSTRAINT auth_permission_content_type_id_codename_01ab375a_uniq UNIQUE (content_type_id, codename);


--
-- Name: auth_permission auth_permission_pkey; Type: CONSTRAINT; Schema: public; Owner: zhukata
--

ALTER TABLE ONLY public.auth_permission
    ADD CONSTRAINT auth_permission_pkey PRIMARY KEY (id);


--
-- Name: auth_user_groups auth_user_groups_pkey; Type: CONSTRAINT; Schema: public; Owner: zhukata
--

ALTER TABLE ONLY public.auth_user_groups
    ADD CONSTRAINT auth_user_groups_pkey PRIMARY KEY (id);


--
-- Name: auth_user_groups auth_user_groups_user_id_group_id_94350c0c_uniq; Type: CONSTRAINT; Schema: public; Owner: zhukata
--

ALTER TABLE ONLY public.auth_user_groups
    ADD CONSTRAINT auth_user_groups_user_id_group_id_94350c0c_uniq UNIQUE (user_id, group_id);


--
-- Name: auth_user auth_user_pkey; Type: CONSTRAINT; Schema: public; Owner: zhukata
--

ALTER TABLE ONLY public.auth_user
    ADD CONSTRAINT auth_user_pkey PRIMARY KEY (id);


--
-- Name: auth_user_user_permissions auth_user_user_permissions_pkey; Type: CONSTRAINT; Schema: public; Owner: zhukata
--

ALTER TABLE ONLY public.auth_user_user_permissions
    ADD CONSTRAINT auth_user_user_permissions_pkey PRIMARY KEY (id);


--
-- Name: auth_user_user_permissions auth_user_user_permissions_user_id_permission_id_14a6b632_uniq; Type: CONSTRAINT; Schema: public; Owner: zhukata
--

ALTER TABLE ONLY public.auth_user_user_permissions
    ADD CONSTRAINT auth_user_user_permissions_user_id_permission_id_14a6b632_uniq UNIQUE (user_id, permission_id);


--
-- Name: auth_user auth_user_username_key; Type: CONSTRAINT; Schema: public; Owner: zhukata
--

ALTER TABLE ONLY public.auth_user
    ADD CONSTRAINT auth_user_username_key UNIQUE (username);


--
-- Name: clients_cart clients_cart_client_id_key; Type: CONSTRAINT; Schema: public; Owner: zhukata
--

ALTER TABLE ONLY public.clients_cart
    ADD CONSTRAINT clients_cart_client_id_key UNIQUE (client_id);


--
-- Name: clients_cart clients_cart_pkey; Type: CONSTRAINT; Schema: public; Owner: zhukata
--

ALTER TABLE ONLY public.clients_cart
    ADD CONSTRAINT clients_cart_pkey PRIMARY KEY (id);


--
-- Name: clients_cartitem clients_cartitem_cart_id_product_id_e1a36f8a_uniq; Type: CONSTRAINT; Schema: public; Owner: zhukata
--

ALTER TABLE ONLY public.clients_cartitem
    ADD CONSTRAINT clients_cartitem_cart_id_product_id_e1a36f8a_uniq UNIQUE (cart_id, product_id);


--
-- Name: clients_cartitem clients_cartitem_pkey; Type: CONSTRAINT; Schema: public; Owner: zhukata
--

ALTER TABLE ONLY public.clients_cartitem
    ADD CONSTRAINT clients_cartitem_pkey PRIMARY KEY (id);


--
-- Name: clients_client clients_client_pkey; Type: CONSTRAINT; Schema: public; Owner: zhukata
--

ALTER TABLE ONLY public.clients_client
    ADD CONSTRAINT clients_client_pkey PRIMARY KEY (id);


--
-- Name: clients_client clients_client_tg_id_key; Type: CONSTRAINT; Schema: public; Owner: zhukata
--

ALTER TABLE ONLY public.clients_client
    ADD CONSTRAINT clients_client_tg_id_key UNIQUE (tg_id);


--
-- Name: clients_order clients_order_pkey; Type: CONSTRAINT; Schema: public; Owner: zhukata
--

ALTER TABLE ONLY public.clients_order
    ADD CONSTRAINT clients_order_pkey PRIMARY KEY (id);


--
-- Name: clients_orderitem clients_orderitem_pkey; Type: CONSTRAINT; Schema: public; Owner: zhukata
--

ALTER TABLE ONLY public.clients_orderitem
    ADD CONSTRAINT clients_orderitem_pkey PRIMARY KEY (id);


--
-- Name: django_admin_log django_admin_log_pkey; Type: CONSTRAINT; Schema: public; Owner: zhukata
--

ALTER TABLE ONLY public.django_admin_log
    ADD CONSTRAINT django_admin_log_pkey PRIMARY KEY (id);


--
-- Name: django_content_type django_content_type_app_label_model_76bd3d3b_uniq; Type: CONSTRAINT; Schema: public; Owner: zhukata
--

ALTER TABLE ONLY public.django_content_type
    ADD CONSTRAINT django_content_type_app_label_model_76bd3d3b_uniq UNIQUE (app_label, model);


--
-- Name: django_content_type django_content_type_pkey; Type: CONSTRAINT; Schema: public; Owner: zhukata
--

ALTER TABLE ONLY public.django_content_type
    ADD CONSTRAINT django_content_type_pkey PRIMARY KEY (id);


--
-- Name: django_migrations django_migrations_pkey; Type: CONSTRAINT; Schema: public; Owner: zhukata
--

ALTER TABLE ONLY public.django_migrations
    ADD CONSTRAINT django_migrations_pkey PRIMARY KEY (id);


--
-- Name: django_session django_session_pkey; Type: CONSTRAINT; Schema: public; Owner: zhukata
--

ALTER TABLE ONLY public.django_session
    ADD CONSTRAINT django_session_pkey PRIMARY KEY (session_key);


--
-- Name: products_category products_category_name_key; Type: CONSTRAINT; Schema: public; Owner: zhukata
--

ALTER TABLE ONLY public.products_category
    ADD CONSTRAINT products_category_name_key UNIQUE (name);


--
-- Name: products_category products_category_pkey; Type: CONSTRAINT; Schema: public; Owner: zhukata
--

ALTER TABLE ONLY public.products_category
    ADD CONSTRAINT products_category_pkey PRIMARY KEY (id);


--
-- Name: products_product products_product_pkey; Type: CONSTRAINT; Schema: public; Owner: zhukata
--

ALTER TABLE ONLY public.products_product
    ADD CONSTRAINT products_product_pkey PRIMARY KEY (id);


--
-- Name: products_subcategory products_subcategory_name_key; Type: CONSTRAINT; Schema: public; Owner: zhukata
--

ALTER TABLE ONLY public.products_subcategory
    ADD CONSTRAINT products_subcategory_name_key UNIQUE (name);


--
-- Name: products_subcategory products_subcategory_pkey; Type: CONSTRAINT; Schema: public; Owner: zhukata
--

ALTER TABLE ONLY public.products_subcategory
    ADD CONSTRAINT products_subcategory_pkey PRIMARY KEY (id);


--
-- Name: auth_group_name_a6ea08ec_like; Type: INDEX; Schema: public; Owner: zhukata
--

CREATE INDEX auth_group_name_a6ea08ec_like ON public.auth_group USING btree (name varchar_pattern_ops);


--
-- Name: auth_group_permissions_group_id_b120cbf9; Type: INDEX; Schema: public; Owner: zhukata
--

CREATE INDEX auth_group_permissions_group_id_b120cbf9 ON public.auth_group_permissions USING btree (group_id);


--
-- Name: auth_group_permissions_permission_id_84c5c92e; Type: INDEX; Schema: public; Owner: zhukata
--

CREATE INDEX auth_group_permissions_permission_id_84c5c92e ON public.auth_group_permissions USING btree (permission_id);


--
-- Name: auth_permission_content_type_id_2f476e4b; Type: INDEX; Schema: public; Owner: zhukata
--

CREATE INDEX auth_permission_content_type_id_2f476e4b ON public.auth_permission USING btree (content_type_id);


--
-- Name: auth_user_groups_group_id_97559544; Type: INDEX; Schema: public; Owner: zhukata
--

CREATE INDEX auth_user_groups_group_id_97559544 ON public.auth_user_groups USING btree (group_id);


--
-- Name: auth_user_groups_user_id_6a12ed8b; Type: INDEX; Schema: public; Owner: zhukata
--

CREATE INDEX auth_user_groups_user_id_6a12ed8b ON public.auth_user_groups USING btree (user_id);


--
-- Name: auth_user_user_permissions_permission_id_1fbb5f2c; Type: INDEX; Schema: public; Owner: zhukata
--

CREATE INDEX auth_user_user_permissions_permission_id_1fbb5f2c ON public.auth_user_user_permissions USING btree (permission_id);


--
-- Name: auth_user_user_permissions_user_id_a95ead1b; Type: INDEX; Schema: public; Owner: zhukata
--

CREATE INDEX auth_user_user_permissions_user_id_a95ead1b ON public.auth_user_user_permissions USING btree (user_id);


--
-- Name: auth_user_username_6821ab7c_like; Type: INDEX; Schema: public; Owner: zhukata
--

CREATE INDEX auth_user_username_6821ab7c_like ON public.auth_user USING btree (username varchar_pattern_ops);


--
-- Name: clients_cartitem_cart_id_c8d758fa; Type: INDEX; Schema: public; Owner: zhukata
--

CREATE INDEX clients_cartitem_cart_id_c8d758fa ON public.clients_cartitem USING btree (cart_id);


--
-- Name: clients_cartitem_product_id_1505ece4; Type: INDEX; Schema: public; Owner: zhukata
--

CREATE INDEX clients_cartitem_product_id_1505ece4 ON public.clients_cartitem USING btree (product_id);


--
-- Name: clients_order_client_id_54046f14; Type: INDEX; Schema: public; Owner: zhukata
--

CREATE INDEX clients_order_client_id_54046f14 ON public.clients_order USING btree (client_id);


--
-- Name: clients_orderitem_order_id_30e20fa2; Type: INDEX; Schema: public; Owner: zhukata
--

CREATE INDEX clients_orderitem_order_id_30e20fa2 ON public.clients_orderitem USING btree (order_id);


--
-- Name: clients_orderitem_product_id_1aacc62f; Type: INDEX; Schema: public; Owner: zhukata
--

CREATE INDEX clients_orderitem_product_id_1aacc62f ON public.clients_orderitem USING btree (product_id);


--
-- Name: django_admin_log_content_type_id_c4bce8eb; Type: INDEX; Schema: public; Owner: zhukata
--

CREATE INDEX django_admin_log_content_type_id_c4bce8eb ON public.django_admin_log USING btree (content_type_id);


--
-- Name: django_admin_log_user_id_c564eba6; Type: INDEX; Schema: public; Owner: zhukata
--

CREATE INDEX django_admin_log_user_id_c564eba6 ON public.django_admin_log USING btree (user_id);


--
-- Name: django_session_expire_date_a5c62663; Type: INDEX; Schema: public; Owner: zhukata
--

CREATE INDEX django_session_expire_date_a5c62663 ON public.django_session USING btree (expire_date);


--
-- Name: django_session_session_key_c0390e0f_like; Type: INDEX; Schema: public; Owner: zhukata
--

CREATE INDEX django_session_session_key_c0390e0f_like ON public.django_session USING btree (session_key varchar_pattern_ops);


--
-- Name: products_category_name_0ecfb368_like; Type: INDEX; Schema: public; Owner: zhukata
--

CREATE INDEX products_category_name_0ecfb368_like ON public.products_category USING btree (name varchar_pattern_ops);


--
-- Name: products_product_category_id_9b594869; Type: INDEX; Schema: public; Owner: zhukata
--

CREATE INDEX products_product_category_id_9b594869 ON public.products_product USING btree (category_id);


--
-- Name: products_subcategory_category_id_44d297b7; Type: INDEX; Schema: public; Owner: zhukata
--

CREATE INDEX products_subcategory_category_id_44d297b7 ON public.products_subcategory USING btree (category_id);


--
-- Name: products_subcategory_name_e31d0e29_like; Type: INDEX; Schema: public; Owner: zhukata
--

CREATE INDEX products_subcategory_name_e31d0e29_like ON public.products_subcategory USING btree (name varchar_pattern_ops);


--
-- Name: auth_group_permissions auth_group_permissio_permission_id_84c5c92e_fk_auth_perm; Type: FK CONSTRAINT; Schema: public; Owner: zhukata
--

ALTER TABLE ONLY public.auth_group_permissions
    ADD CONSTRAINT auth_group_permissio_permission_id_84c5c92e_fk_auth_perm FOREIGN KEY (permission_id) REFERENCES public.auth_permission(id) DEFERRABLE INITIALLY DEFERRED;


--
-- Name: auth_group_permissions auth_group_permissions_group_id_b120cbf9_fk_auth_group_id; Type: FK CONSTRAINT; Schema: public; Owner: zhukata
--

ALTER TABLE ONLY public.auth_group_permissions
    ADD CONSTRAINT auth_group_permissions_group_id_b120cbf9_fk_auth_group_id FOREIGN KEY (group_id) REFERENCES public.auth_group(id) DEFERRABLE INITIALLY DEFERRED;


--
-- Name: auth_permission auth_permission_content_type_id_2f476e4b_fk_django_co; Type: FK CONSTRAINT; Schema: public; Owner: zhukata
--

ALTER TABLE ONLY public.auth_permission
    ADD CONSTRAINT auth_permission_content_type_id_2f476e4b_fk_django_co FOREIGN KEY (content_type_id) REFERENCES public.django_content_type(id) DEFERRABLE INITIALLY DEFERRED;


--
-- Name: auth_user_groups auth_user_groups_group_id_97559544_fk_auth_group_id; Type: FK CONSTRAINT; Schema: public; Owner: zhukata
--

ALTER TABLE ONLY public.auth_user_groups
    ADD CONSTRAINT auth_user_groups_group_id_97559544_fk_auth_group_id FOREIGN KEY (group_id) REFERENCES public.auth_group(id) DEFERRABLE INITIALLY DEFERRED;


--
-- Name: auth_user_groups auth_user_groups_user_id_6a12ed8b_fk_auth_user_id; Type: FK CONSTRAINT; Schema: public; Owner: zhukata
--

ALTER TABLE ONLY public.auth_user_groups
    ADD CONSTRAINT auth_user_groups_user_id_6a12ed8b_fk_auth_user_id FOREIGN KEY (user_id) REFERENCES public.auth_user(id) DEFERRABLE INITIALLY DEFERRED;


--
-- Name: auth_user_user_permissions auth_user_user_permi_permission_id_1fbb5f2c_fk_auth_perm; Type: FK CONSTRAINT; Schema: public; Owner: zhukata
--

ALTER TABLE ONLY public.auth_user_user_permissions
    ADD CONSTRAINT auth_user_user_permi_permission_id_1fbb5f2c_fk_auth_perm FOREIGN KEY (permission_id) REFERENCES public.auth_permission(id) DEFERRABLE INITIALLY DEFERRED;


--
-- Name: auth_user_user_permissions auth_user_user_permissions_user_id_a95ead1b_fk_auth_user_id; Type: FK CONSTRAINT; Schema: public; Owner: zhukata
--

ALTER TABLE ONLY public.auth_user_user_permissions
    ADD CONSTRAINT auth_user_user_permissions_user_id_a95ead1b_fk_auth_user_id FOREIGN KEY (user_id) REFERENCES public.auth_user(id) DEFERRABLE INITIALLY DEFERRED;


--
-- Name: clients_cart clients_cart_client_id_4481a207_fk_clients_client_id; Type: FK CONSTRAINT; Schema: public; Owner: zhukata
--

ALTER TABLE ONLY public.clients_cart
    ADD CONSTRAINT clients_cart_client_id_4481a207_fk_clients_client_id FOREIGN KEY (client_id) REFERENCES public.clients_client(id) DEFERRABLE INITIALLY DEFERRED;


--
-- Name: clients_cartitem clients_cartitem_cart_id_c8d758fa_fk_clients_cart_id; Type: FK CONSTRAINT; Schema: public; Owner: zhukata
--

ALTER TABLE ONLY public.clients_cartitem
    ADD CONSTRAINT clients_cartitem_cart_id_c8d758fa_fk_clients_cart_id FOREIGN KEY (cart_id) REFERENCES public.clients_cart(id) DEFERRABLE INITIALLY DEFERRED;


--
-- Name: clients_cartitem clients_cartitem_product_id_1505ece4_fk_products_product_id; Type: FK CONSTRAINT; Schema: public; Owner: zhukata
--

ALTER TABLE ONLY public.clients_cartitem
    ADD CONSTRAINT clients_cartitem_product_id_1505ece4_fk_products_product_id FOREIGN KEY (product_id) REFERENCES public.products_product(id) DEFERRABLE INITIALLY DEFERRED;


--
-- Name: clients_order clients_order_client_id_54046f14_fk_clients_client_id; Type: FK CONSTRAINT; Schema: public; Owner: zhukata
--

ALTER TABLE ONLY public.clients_order
    ADD CONSTRAINT clients_order_client_id_54046f14_fk_clients_client_id FOREIGN KEY (client_id) REFERENCES public.clients_client(id) DEFERRABLE INITIALLY DEFERRED;


--
-- Name: clients_orderitem clients_orderitem_order_id_30e20fa2_fk_clients_order_id; Type: FK CONSTRAINT; Schema: public; Owner: zhukata
--

ALTER TABLE ONLY public.clients_orderitem
    ADD CONSTRAINT clients_orderitem_order_id_30e20fa2_fk_clients_order_id FOREIGN KEY (order_id) REFERENCES public.clients_order(id) DEFERRABLE INITIALLY DEFERRED;


--
-- Name: clients_orderitem clients_orderitem_product_id_1aacc62f_fk_products_product_id; Type: FK CONSTRAINT; Schema: public; Owner: zhukata
--

ALTER TABLE ONLY public.clients_orderitem
    ADD CONSTRAINT clients_orderitem_product_id_1aacc62f_fk_products_product_id FOREIGN KEY (product_id) REFERENCES public.products_product(id) DEFERRABLE INITIALLY DEFERRED;


--
-- Name: django_admin_log django_admin_log_content_type_id_c4bce8eb_fk_django_co; Type: FK CONSTRAINT; Schema: public; Owner: zhukata
--

ALTER TABLE ONLY public.django_admin_log
    ADD CONSTRAINT django_admin_log_content_type_id_c4bce8eb_fk_django_co FOREIGN KEY (content_type_id) REFERENCES public.django_content_type(id) DEFERRABLE INITIALLY DEFERRED;


--
-- Name: django_admin_log django_admin_log_user_id_c564eba6_fk_auth_user_id; Type: FK CONSTRAINT; Schema: public; Owner: zhukata
--

ALTER TABLE ONLY public.django_admin_log
    ADD CONSTRAINT django_admin_log_user_id_c564eba6_fk_auth_user_id FOREIGN KEY (user_id) REFERENCES public.auth_user(id) DEFERRABLE INITIALLY DEFERRED;


--
-- Name: products_product products_product_category_id_9b594869_fk_products_; Type: FK CONSTRAINT; Schema: public; Owner: zhukata
--

ALTER TABLE ONLY public.products_product
    ADD CONSTRAINT products_product_category_id_9b594869_fk_products_ FOREIGN KEY (category_id) REFERENCES public.products_subcategory(id) DEFERRABLE INITIALLY DEFERRED;


--
-- Name: products_subcategory products_subcategory_category_id_44d297b7_fk_products_; Type: FK CONSTRAINT; Schema: public; Owner: zhukata
--

ALTER TABLE ONLY public.products_subcategory
    ADD CONSTRAINT products_subcategory_category_id_44d297b7_fk_products_ FOREIGN KEY (category_id) REFERENCES public.products_category(id) DEFERRABLE INITIALLY DEFERRED;


--
-- PostgreSQL database dump complete
--

